mu,a,ap,f,cx,cy,fx,fy,phi,w2_u2,alpha,cl,cd,gamma,dmu,dpsi,dct,dcp
0.29999999999999993,0.27151891809628537,0.03222077254284355,0.8856522424091464,1.1103757641678407,0.31624019550949906,34427.74765083364,9805.183084825534,0.2859974417293296,6.667847892720727,8.586446362629282,1.1544890694239323,0.00985837146110293,17.89458057607095,0.19999999999999996,0.3141592653589794,0.08766953949040898,0.05992486486544726
0.5999999999999999,0.22331146570416086,0.006982372019201678,0.9976691371331964,0.8253818701124216,0.12387627115764947,130555.9047914058,19594.29843728084,0.15932614075744075,23.96611606302951,5.528715431508644,0.8345812596756804,0.008641936377710081,9.180393856432481,0.4,0.3141592653589794,0.33245788155819356,0.23950306196820825
0.8999999999999999,0.25018012911185294,0.003276704605323244,0.8718526500005594,0.9376976393706176,0.08842596281266211,96440.23731559828,9094.42500601746,0.10343110156891214,52.742515167611415,6.5261655902876115,0.941816064186614,0.00886087019485222,6.121804417212993,0.20000000000000007,0.3141592653589794,0.24558304770772682,0.1667430943817724
