mu,a,ap,f,cx,cy,fx,fy,phi,w2_u2,alpha,cl,cd,gamma,dmu,dpsi,dct,dcp
0.33333333333333337,0.2555505709523194,0.025201286103185186,0.931601821288189,1.0515904890371055,0.2765420834747516,50654.59219845041,13320.894993385366,0.26585996717621974,8.028250655716974,7.89932072735065,1.0873032898475177,0.009467652962611156,16.309549347712764,0.2666666666666666,0.3141592653589794,0.12899085981900066,0.09045701480982878
0.6000000000000001,0.22331146570416086,0.006982372019201663,0.9976691371331962,0.8253818701124214,0.12387627115764933,87037.26986093729,13062.865624853885,0.15932614075744073,23.96611606302954,5.528715431508643,0.8345812596756804,0.008641936377710081,9.180393856432477,0.2666666666666666,0.3141592653589794,0.2216385877054626,0.15966870797880547
0.8666666666666667,0.2418342860205135,0.003464671971402617,0.9237120512119964,0.9184542156419275,0.09123129530622386,125959.46826791616,12511.72380003919,0.10854495634831415,48.97960466687092,6.3525012195234885,0.9229321714433312,0.00880354409188154,6.46052520010332,0.26666666666666655,0.3141592653589794,0.3207531520650495,0.22090184500819415
