mu,a,ap,f,cx,cy,fx,fy,phi,w2_u2,alpha,cl,cd,gamma,dmu,dpsi,dct,dcp
0.23819660112501045,0.32860010955166935,0.055518880645669635,0.6778169041801777,1.1692926829099668,0.3764625477067582,9896.73079997042,3186.326693687036,0.3221728332856117,4.49637935947765,9.793896036787583,1.2283309109699483,0.013137780953824136,20.177854498651513,0.07639320225002101,0.3141592653589794,0.025201818036241604,0.0154616544602449
0.376393202250021,0.24166762062493805,0.01907098719785083,0.9642653638484397,0.9824247207681398,0.2334456299204064,42268.23159363262,10043.857562199344,0.2422745604646997,9.991196823702548,7.150814629514655,1.0097390665103312,0.009067065023334932,14.493897519995075,0.20000000000000007,0.3141592653589794,0.10763516790207445,0.07701448538002187
0.6,0.22331146570416086,0.0069823720192016695,0.9976691371331962,0.8253818701124217,0.12387627115764938,80687.98659308403,12109.942419948507,0.15932614075744073,23.966116063029514,5.528715431508645,0.8345812596756804,0.008641936377710083,9.180393856432483,0.247213595499958,0.3141592653589794,0.20547027063075046,0.148021032706025
0.8236067977499789,0.23608711882926525,0.003785738144653101,0.960920005706512,0.892708754287661,0.09431873796491683,90764.70317714504,9589.703509753874,0.11499333813006601,44.32588766005676,6.119128115473287,0.8976350414583125,0.008733650969393906,6.863225998511495,0.19999999999999996,0.3141592653589794,0.23113041870258066,0.16089968868528234
0.9618033988749894,0.3010103026848133,0.003175090221791661,0.6537090607085693,0.9510667302101835,0.07719016923621341,36483.37196340915,2961.0515998058363,0.09030978473952962,60.069350659142636,6.6396170985598655,0.9541525388725295,0.008898320207291602,5.317443453458598,0.07639320225002108,0.3141592653589794,0.09290414381818933,0.05801795065306324
